t,score,level,degraded,rule_fired,capability,compute,attention,governance,markets
2026-09-23T20:04:22.390Z,40.8644,4,false,genesis,33.2774,50.3109,41.2047,53.1668,
2026-09-23T21:14:47.628Z,40.8298,4,false,none,33.0482,50.3889,41.1084,53.1668,
2026-09-24T00:04:49.239Z,40.7014,4,false,none,32.7172,50.1276,40.7839,53.1668,
2026-09-25T15:23:13.524Z,41.0949,4,false,none,35.8582,50.0219,40.1706,53.2905,
2026-09-25T16:23:23.939Z,41.2187,4,false,none,37.5036,49.9047,39.2938,53.3646,
2026-09-25T17:21:01.264Z,41.2995,4,false,none,38.379,49.9055,38.8389,53.4141,
2026-09-25T18:23:19.066Z,41.3312,4,false,none,38.7407,49.9254,38.5732,53.4494,
2026-09-25T19:19:24.813Z,41.3674,4,false,none,38.9085,49.948,38.5575,53.4759,
2026-09-25T20:20:09.027Z,41.3951,4,false,none,38.9468,49.9808,38.62,53.4965,
2026-09-25T21:21:01.363Z,41.374,4,false,none,38.7892,49.9869,38.5686,53.513,
2026-09-25T22:20:55.310Z,41.3912,4,false,none,38.5766,50.041,38.8074,53.5265,
2026-09-25T23:19:22.975Z,41.4135,4,false,none,38.3951,50.086,39.0682,53.5377,
2026-09-26T00:26:57.519Z,41.424,4,false,none,38.2791,49.9985,39.3577,53.5343,
2026-09-26T01:19:30.670Z,41.4486,4,false,none,38.171,49.9006,39.7493,53.531,
2026-09-26T02:20:46.515Z,41.5185,4,false,none,38.4697,49.8654,39.9956,53.5277,
2026-09-26T03:20:52.496Z,41.1672,4,true,frozen_dark_pillar,,49.824,40.2404,53.4861,
2026-09-26T03:22:26.206Z,41.1711,4,true,frozen_dark_pillar,,49.8016,40.3971,53.4449,
2026-09-26T03:50:39.789Z,41.1682,4,true,frozen_dark_pillar,,49.7479,40.545,53.4041,
2026-09-26T04:20:58.622Z,41.4075,4,false,none,37.7455,49.6877,40.6206,53.3636,
2026-09-26T04:28:34.463Z,41.3569,4,false,none,37.4371,49.6249,40.7566,53.3235,
2026-09-26T04:34:52.436Z,41.3144,4,false,none,37.219,49.5546,40.8657,53.2838,
2026-09-26T05:20:08.883Z,41.2598,4,false,none,36.9896,49.499,40.885,53.2444,
2026-09-26T06:25:36.141Z,41.2027,4,false,none,36.7118,49.4102,40.9661,53.2054,
2026-09-26T07:20:15.449Z,41.1328,4,false,none,36.342,49.3232,41.045,53.1668,
2026-09-26T08:22:31.712Z,41.0839,4,false,none,35.9317,49.3242,41.1048,53.1668,
2026-09-26T09:20:41.998Z,41.0373,4,false,none,35.5177,49.3252,41.1851,53.1668,
2026-09-26T10:20:14.830Z,36.7909,4,true,frozen_dark_pillar,35.1663,49.3263,41.1818,,
2026-09-26T11:19:57.466Z,40.9416,4,false,none,34.8283,49.3273,41.1887,53.1668,
2026-09-26T12:24:47.650Z,40.9074,4,false,none,34.5444,49.3284,41.2272,53.1668,
2026-09-26T12:58:44.588Z,40.8771,4,false,none,34.2701,49.3294,41.2838,53.1668,
2026-09-26T13:19:44.396Z,40.8431,4,false,none,33.9667,49.3294,41.3447,53.1668,
2026-09-26T13:21:31.811Z,40.8132,4,false,none,33.6948,49.3294,41.4031,53.1668,
2026-09-26T14:20:45.554Z,40.7836,4,false,none,33.4268,49.3294,41.4594,53.1668,
2026-09-26T15:20:48.518Z,40.7533,4,false,none,33.1193,49.3294,41.5509,53.1668,
2026-09-26T16:21:44.111Z,40.6954,4,false,none,32.8013,49.3294,41.4553,53.1668,
2026-09-26T17:19:37.688Z,40.6197,4,false,none,32.525,49.3294,41.1906,53.1668,
2026-09-26T18:23:32.885Z,40.5477,4,false,none,32.2904,49.3294,40.9113,53.1668,
2026-09-26T19:18:48.556Z,40.4735,4,false,none,32.0569,49.3294,40.6148,53.1668,
2026-09-26T20:20:28.422Z,40.4153,4,false,none,31.8546,49.3294,40.401,53.1668,
2026-09-26T21:20:52.471Z,40.3101,4,false,none,31.6531,49.3294,39.8509,53.1668,
2026-09-26T22:20:21.977Z,40.2052,4,false,none,31.4611,49.3294,39.2942,53.1668,
2026-09-26T23:19:45.948Z,40.0769,4,false,none,31.2716,49.3294,38.567,53.1668,
2026-09-27T00:29:39.771Z,39.961,4,false,none,31.0746,49.0904,38.1749,53.1668,
2026-09-27T01:20:09.117Z,39.8611,4,false,none,30.8706,48.8624,37.8932,53.1668,
2026-09-27T02:21:44.417Z,39.7801,4,false,none,30.6953,48.6447,37.7076,53.1668,
2026-09-27T02:50:07.575Z,40.3339,4,true,frozen_dark_pillar,,48.4369,37.7325,53.1668,
2026-09-27T02:59:35.572Z,40.2915,4,true,frozen_dark_pillar,,48.2386,37.6887,53.1668,
2026-09-27T03:21:48.091Z,40.2375,4,true,frozen_dark_pillar,,48.0493,37.5692,53.1668,
2026-09-27T04:21:36.321Z,39.5803,4,false,none,30.2908,47.8687,37.4612,53.1668,
2026-09-27T05:20:54.673Z,39.5136,4,false,none,30.0996,47.6963,37.3483,53.1668,
2026-09-27T06:26:03.354Z,39.4447,4,false,none,29.87,47.5317,37.2506,53.1668,
2026-09-27T07:21:03.359Z,39.3806,4,false,none,29.6807,47.3747,37.1391,53.1668,
2026-09-27T08:21:59.374Z,39.3211,4,false,none,29.4887,47.2248,37.0556,53.1668,
2026-09-27T09:21:11.755Z,39.2669,4,false,none,29.2844,47.0817,37.0163,53.1668,
2026-09-27T10:20:36.327Z,39.115,4,false,none,29.0862,47.0817,36.1294,53.1668,
2026-09-27T11:20:38.933Z,39.0082,4,false,none,28.8868,47.0817,35.5658,53.1668,
2026-09-27T12:25:44.214Z,38.92,4,false,none,28.7138,47.0817,35.1088,53.1668,
2026-09-27T13:20:32.904Z,38.6078,4,false,none,28.6275,47.0817,32.9654,53.1668,
2026-09-27T13:30:02.040Z,38.4733,4,false,none,28.5582,47.0817,32.0738,53.1668,
2026-09-27T13:45:49.722Z,38.3942,4,false,none,28.4986,47.0817,31.5684,53.1668,
2026-09-27T13:54:32.016Z,38.3398,4,false,none,28.3929,47.0817,31.2854,53.1668,
2026-09-27T13:57:09.196Z,38.3038,4,false,none,28.3049,47.0817,31.1166,53.1668,
2026-09-27T13:58:56.902Z,38.2723,4,false,none,28.2277,47.0817,30.9683,53.1668,
2026-09-27T14:03:53.536Z,38.2537,4,false,none,28.1582,47.0817,30.9051,53.1668,
2026-09-27T14:20:24.560Z,38.2315,4,false,none,28.0978,47.0817,30.8068,53.1668,
2026-09-27T15:20:52.660Z,38.2276,4,false,none,28.0445,47.0817,30.8321,53.1668,
2026-09-27T16:21:56.433Z,38.2126,4,false,none,28.0027,47.0817,30.7668,53.1668,
2026-09-27T17:19:26.204Z,38.2522,4,false,none,27.9749,47.0817,31.0779,53.1668,
2026-09-27T18:24:18.377Z,38.5018,4,false,none,27.9528,47.0817,32.8824,53.1668,
2026-09-27T19:19:14.881Z,38.7596,4,false,none,27.9309,47.0817,34.7462,53.1668,
2026-09-27T20:21:02.537Z,38.981,4,false,none,27.9028,47.0817,36.3559,53.1668,
2026-09-27T21:20:40.622Z,39.1049,4,false,none,27.876,47.0817,37.2677,53.1668,
2026-09-27T22:21:22.884Z,39.1792,4,false,none,27.8421,47.0817,37.8317,53.1668,
2026-09-27T23:19:56.708Z,39.2014,4,false,none,27.8019,47.0817,38.0306,53.1668,
2026-09-28T02:22:30.156Z,39.6108,4,false,none,31.1858,46.326,38.3267,53.1668,
2026-09-28T03:23:45.425Z,39.9838,4,true,frozen_dark_pillar,,45.6534,38.5155,53.1668,
2026-09-28T04:24:43.987Z,39.882,4,false,none,33.9777,45.0547,38.7433,53.1668,
2026-09-28T05:23:01.064Z,40.0594,4,false,none,35.4127,44.5218,39.1084,53.1668,
2026-09-28T06:30:32.936Z,40.1479,4,false,none,36.0874,44.0475,39.54,53.1668,
2026-09-28T07:24:59.499Z,40.1003,4,false,none,36.278,43.6253,39.4319,53.1668,
2026-09-28T08:26:24.710Z,40.057,4,false,none,36.206,43.2495,39.5705,53.1668,
2026-09-28T09:26:06.304Z,39.9691,4,false,none,35.8529,42.9151,39.6301,53.1668,
2026-09-28T11:22:46.646Z,39.8624,4,false,none,35.073,42.6446,39.9185,53.1668,
2026-09-28T12:29:28.390Z,39.8302,4,false,none,34.3732,42.4304,40.6022,53.1668,
2026-09-28T13:24:21.550Z,39.8772,4,false,none,33.7529,42.2543,41.7343,53.1668,
2026-09-28T14:26:21.810Z,40.0008,4,false,none,33.7166,42.0424,42.8651,53.1668,
2026-09-28T15:25:21.377Z,40.0449,4,false,none,32.9142,42.0407,43.9847,53.1668,
2026-09-28T16:26:17.118Z,39.8824,4,false,none,31.9804,42.3418,43.4561,53.1668,
2026-09-28T17:22:43.488Z,39.8462,4,false,none,31.1243,42.6273,43.7683,53.1668,
2026-09-28T18:25:48.095Z,39.7677,4,false,none,30.2637,42.584,44.1116,53.1668,
2026-09-28T19:21:23.730Z,39.7665,4,false,none,29.7382,42.5432,44.6696,53.1668,
2026-09-28T20:21:14.035Z,39.861,4,false,none,29.3228,42.9331,45.3702,53.1668,
2026-09-28T21:22:19.935Z,39.9936,4,false,none,29.0352,43.3514,46.186,53.1668,
2026-09-28T22:21:32.523Z,40.1399,4,false,none,28.8987,43.6705,47.0485,53.1668,
2026-09-28T23:21:13.814Z,40.2604,4,false,none,28.6575,44.0496,47.7716,53.1668,
2026-09-29T00:29:15.871Z,40.4099,4,false,none,28.4293,44.3721,48.7452,53.1668,
2026-09-29T01:21:06.866Z,41.4638,4,false,none,34.7465,44.662,49.6656,53.1668,
2026-09-29T02:20:56.046Z,43.6671,4,false,none,49.5344,44.9242,50.3533,53.1668,
2026-09-29T03:23:25.449Z,46.9038,4,false,none,59.1725,45.1864,50.7035,53.1668,
2026-09-29T04:23:11.746Z,41.9914,4,true,frozen_dark_pillar,,45.3134,50.3278,53.1668,
2026-09-29T05:22:51.523Z,50.6836,4,false,none,67.8118,45.424,50.3121,53.1668,
2026-09-29T06:28:15.192Z,51.7704,4,false,none,70.2134,45.6426,50.3087,53.1668,
2026-09-29T07:24:33.588Z,52.1811,4,false,none,71.0606,45.8061,50.4162,53.1668,
2026-09-29T08:25:35.431Z,52.2783,4,false,none,71.199,45.8526,50.5217,53.274,
2026-09-29T09:24:54.919Z,52.2308,4,false,none,71.165,45.87,50.1666,53.379,
2026-09-29T10:23:55.385Z,52.184,4,false,none,71.0425,45.9346,50.0499,53.4817,
2026-09-29T11:22:34.040Z,52.1242,4,false,none,70.907,45.9581,49.925,53.5823,
2026-09-29T12:29:26.597Z,52.031,4,false,none,70.6839,45.9882,49.8318,53.6808,
2026-09-29T13:27:25.563Z,51.9798,4,false,none,70.5389,46.0297,49.7836,53.7771,
2026-09-29T14:24:45.499Z,52.1038,4,false,none,70.771,46.0737,49.8016,53.8715,
2026-09-29T15:25:22.178Z,52.1406,4,false,none,70.7598,46.1268,49.9542,53.9638,
2026-09-29T16:25:59.671Z,52.0547,4,false,none,70.5829,46.1856,49.7473,54.0542,
2026-09-29T17:22:48.303Z,51.9454,4,false,none,70.315,46.2501,49.6555,54.1427,
2026-09-29T18:27:17.519Z,51.8349,4,false,none,70.0346,46.3247,49.5863,54.2293,
2026-09-29T19:23:47.654Z,51.748,4,false,none,69.784,46.4074,49.5862,54.3141,
2026-09-29T20:24:09.736Z,51.6037,4,false,none,69.5565,46.5052,49.1721,54.3141,
2026-09-29T21:22:33.941Z,51.4838,4,false,none,69.3108,46.622,48.9712,54.3141,
2026-09-29T22:22:27.553Z,51.3771,4,false,none,69.0799,46.7295,48.8272,54.3141,
2026-09-29T23:20:42.288Z,51.2874,4,false,none,68.8713,46.8277,48.7444,54.3141,
2026-09-30T00:31:14.532Z,51.1701,4,false,none,68.6665,46.917,48.568,54.2069,
2026-09-30T01:23:17.279Z,51.5167,4,false,none,69.5113,46.9978,48.4129,54.1019,
2026-09-30T03:23:55.437Z,42.3357,4,true,frozen_dark_pillar,,47.073,48.2758,53.9992,
2026-09-30T04:24:37.904Z,52.9172,4,false,none,72.7923,47.1408,48.1649,53.8986,
2026-09-30T05:23:42.986Z,53.8928,4,false,none,75.028,47.2026,48.1437,53.8001,
2026-09-30T06:28:48.972Z,54.61,4,false,none,76.6936,47.2583,48.0723,53.7038,
2026-09-30T07:25:49.985Z,55.1604,4,false,deadband,77.9759,47.3059,48.0202,53.6094,
2026-09-30T08:26:27.425Z,55.5675,4,false,deadband,78.9508,47.3456,47.9171,53.5171,
2026-09-30T09:24:03.255Z,55.8336,4,false,deadband,79.6553,47.3731,47.6665,53.4267,
2026-09-30T10:24:48.848Z,56.018,4,false,deadband,80.1828,47.4006,47.3865,53.3382,
2026-09-30T11:21:56.387Z,56.1686,4,false,deadband,80.5725,47.4255,47.1243,53.4269,
2026-09-30T12:32:13.576Z,56.2555,4,false,deadband,80.8241,47.4532,46.8301,53.5231,
2026-09-30T13:26:03.148Z,56.2925,4,true,deadband,81.0074,47.4875,46.3143,53.6925,
2026-09-30T14:26:50.221Z,56.3221,4,false,deadband,81.2593,47.525,45.5331,53.8563,
2026-09-30T15:27:12.946Z,56.2216,4,false,deadband,81.116,47.5672,45.0648,54.0146,
2026-09-30T16:27:06.580Z,56.1178,4,false,deadband,80.8818,47.6123,44.8614,54.1677,
2026-09-30T17:23:42.706Z,41.6722,4,true,frozen_dark_pillar,,47.6629,43.5271,54.1346,
2026-09-30T18:25:37.800Z,55.6979,4,false,deadband,80.5207,47.716,42.9583,54.1026,
2026-09-30T19:24:00.019Z,55.3953,4,false,deadband,80.2691,47.7694,41.5657,54.0716,
2026-09-30T20:24:16.490Z,55.2288,4,false,deadband,80.0143,47.8356,40.9596,54.2229,
2026-09-30T21:23:49.007Z,55.066,4,false,deadband,79.7543,47.9392,40.3641,54.3691,
2026-09-30T22:23:27.618Z,54.9455,4,false,none,79.5078,48.0238,40.0517,54.5105,
2026-09-30T23:20:56.241Z,54.8364,4,false,none,79.2769,48.1024,39.9042,54.5262,
2026-10-01T00:32:27.718Z,54.7228,4,false,none,79.0454,48.0411,39.8662,54.5414,
2026-10-01T01:23:57.488Z,55.0074,4,false,deadband,79.7421,47.9636,39.7721,54.5561,
2026-10-01T02:22:56.161Z,55.5233,4,false,deadband,80.9483,47.8859,39.7301,54.5703,
2026-10-01T03:24:28.803Z,41.2176,4,true,frozen_dark_pillar,,47.8069,39.5659,54.584,
2026-10-01T04:24:35.684Z,56.0085,4,false,deadband,82.177,47.7279,39.4649,54.5973,
2026-10-01T05:23:29.251Z,56.3779,4,false,deadband,83.0355,47.6471,39.3525,54.7312,
2026-10-01T06:30:46.063Z,56.7507,4,false,deadband,83.8987,47.5663,39.2535,54.8606,
2026-10-01T07:26:44.715Z,41.3387,4,true,frozen_dark_pillar,,47.487,39.2753,55.0637,
2026-10-01T17:23:51.894Z,41.3325,4,true,frozen_dark_pillar,,47.5209,38.998,55.1405,
2026-10-02T00:31:08.193Z,41.3112,4,true,frozen_dark_pillar,,47.4667,38.9365,55.1381,
2026-10-02T01:22:58.964Z,41.2943,4,true,frozen_dark_pillar,,47.4121,38.901,55.1357,
2026-10-02T04:24:06.455Z,41.2913,4,true,frozen_dark_pillar,,47.353,38.9497,55.1334,
2026-10-02T09:25:17.540Z,41.3843,4,true,frozen_dark_pillar,,47.4044,39.0194,55.2845,
2026-10-02T10:23:16.163Z,41.4737,4,true,frozen_dark_pillar,,47.4675,39.0775,55.4281,
2026-10-03T03:27:44.325Z,41.5189,4,true,frozen_dark_pillar,,47.509,39.1012,55.4992,
2026-10-03T16:45:46.981Z,41.4204,4,true,frozen_dark_pillar,,47.5495,38.3106,55.5682,
2026-10-03T16:51:24.189Z,56.9733,4,false,deadband,84.6755,47.5889,37.6048,55.6354,
2026-10-03T16:53:09.921Z,56.1611,4,false,deadband,82.9725,47.6274,37.0521,55.7007,
2026-10-03T16:55:07.217Z,41.2346,4,true,frozen_dark_pillar,,47.6649,36.6014,55.7642,
2026-10-03T16:58:31.794Z,41.1729,4,true,frozen_dark_pillar,,47.7057,36.202,55.7664,
2026-10-03T17:29:23.811Z,55.4678,4,false,deadband,81.7393,47.6543,35.8805,55.7687,
2026-10-03T17:41:08.578Z,55.401,4,false,deadband,81.6568,47.6482,35.6076,55.8303,
2026-10-03T18:01:07.033Z,55.3445,4,false,deadband,81.5803,47.6421,35.3905,55.8901,
2026-10-03T18:02:50.726Z,55.3049,4,false,deadband,81.5299,47.636,35.2054,55.957,
2026-10-03T18:08:02.674Z,55.253,4,false,deadband,81.4841,47.63,35.0401,55.9013,
2026-10-03T18:19:07.508Z,55.1482,4,false,deadband,81.4371,47.6129,34.5112,55.8462,
2026-10-03T18:24:39.953Z,55.1325,4,false,deadband,81.3953,47.6129,34.5307,55.8462,
2026-10-03T18:27:10.939Z,55.0973,4,false,deadband,81.3604,47.6129,34.389,55.8462,
2026-10-03T18:34:36.709Z,55.0408,4,false,deadband,81.275,47.6129,34.2535,55.8462,
2026-10-03T18:42:21.539Z,54.9886,4,false,none,81.1941,47.6129,34.1353,55.8462,
2026-10-03T18:51:24.165Z,54.9665,4,false,none,81.1735,47.6129,34.0424,55.8462,
2026-10-03T18:57:51.270Z,54.9445,4,false,none,81.1506,47.6129,33.9571,55.8462,
2026-10-03T19:04:25.961Z,54.9098,4,false,none,81.1003,47.6129,33.8668,55.8462,
2026-10-04T11:57:22.806Z,54.6778,4,false,none,80.333,47.4514,34.9308,55.6981,
2026-10-04T13:15:03.782Z,54.4275,4,false,none,79.4747,47.2954,36.141,55.5541,
2026-10-04T13:26:54.572Z,54.1769,4,false,none,78.7207,47.1447,37.0114,55.414,
2026-10-04T13:31:20.301Z,53.9258,4,false,none,78.0452,46.9991,37.6227,55.2777,
2026-10-04T13:37:17.286Z,53.6409,4,false,none,77.4028,46.8585,37.88,55.1452,
2026-10-04T13:56:05.056Z,53.3526,4,false,none,76.7687,46.7226,38.0781,55.0164,
2026-10-04T14:17:40.816Z,53.0793,4,false,none,76.1743,46.5913,38.2503,54.891,
2026-10-04T14:25:51.516Z,52.8225,4,false,none,75.6202,46.4645,38.4066,54.7691,
2026-10-04T14:30:33.020Z,52.5769,4,false,none,75.104,46.3419,38.5159,54.6506,
2026-10-04T14:37:49.097Z,52.3531,4,false,none,74.641,46.2236,38.6056,54.5353,
2026-10-04T14:45:49.145Z,52.1456,4,false,none,74.2142,46.1092,38.6912,54.4232,
2026-10-04T14:51:13.828Z,51.9959,4,false,none,73.9371,45.9987,38.7126,54.3141,
2026-10-04T14:58:32.176Z,51.945,4,false,none,73.8075,45.9987,38.7565,54.3141,
2026-10-04T15:08:09.223Z,51.9095,4,false,none,73.7216,45.9987,38.773,54.3141,
2026-10-04T15:11:53.745Z,51.8761,4,false,none,73.6422,45.9987,38.7838,54.3141,
2026-10-04T15:33:19.712Z,51.8332,4,false,none,73.5378,45.9987,38.8056,54.3141,
2026-10-04T16:11:10.897Z,51.8043,4,false,none,73.4225,45.9987,38.9613,54.3141,
2026-10-04T16:22:11.195Z,51.7788,4,false,none,73.3183,45.9987,39.1068,54.3141,
2026-10-04T17:01:44.102Z,40.7341,4,true,frozen_dark_pillar,,45.9987,39.3437,54.3141,
2026-10-04T17:18:46.010Z,51.7642,4,false,none,73.1376,45.9987,39.5701,54.3141,
2026-10-04T17:27:57.247Z,51.7377,4,false,none,73.0061,45.9987,39.7947,54.3141,
2026-10-04T17:43:47.806Z,51.7061,4,false,none,72.8755,45.9987,39.9793,54.3141,
2026-10-04T17:52:22.467Z,51.6207,4,false,none,72.7525,45.9987,39.7558,54.3141,
2026-10-04T18:04:40.234Z,51.4908,4,false,none,72.6211,45.9987,39.2408,54.3141,
2026-10-04T18:15:02.795Z,51.3777,4,false,none,72.4912,45.9987,38.8411,54.3141,
2026-10-04T18:17:56.931Z,51.2782,4,false,none,72.3703,45.9987,38.5108,54.3141,
2026-10-04T18:31:42.336Z,51.1892,4,false,none,72.2531,45.9987,38.2433,54.3141,
2026-10-04T19:12:02.547Z,51.0592,4,false,none,72.1341,45.9987,37.6883,54.3141,
2026-10-04T19:23:57.301Z,50.925,4,false,none,72.0351,45.9987,37.0414,54.3141,
2026-10-04T19:36:52.910Z,50.8064,4,false,none,71.9441,45.9987,36.48,54.3141,
2026-10-04T20:47:58.058Z,50.7689,4,false,none,71.8658,45.9987,36.458,54.3141,
2026-10-04T21:24:43.793Z,50.6954,4,false,none,71.7586,45.9987,36.2703,54.3141,
2026-10-04T22:22:18.109Z,50.4777,4,false,none,71.6263,45.9987,35.1312,54.3141,
2026-10-04T22:39:46.552Z,50.3989,4,false,none,71.4939,45.9987,34.984,54.3141,
2026-10-04T23:20:54.741Z,50.2971,4,false,none,71.3439,45.9987,34.7285,54.3141,
2026-10-05T00:32:03.322Z,39.8663,4,true,frozen_dark_pillar,,45.7426,34.4788,54.3739,
2026-10-05T01:23:27.450Z,50.5996,4,false,none,72.2566,45.4995,34.4014,54.433,
2026-10-05T01:34:54.474Z,50.9837,4,false,none,73.2099,45.2688,34.3206,54.4914,
2026-10-05T02:23:49.182Z,51.5386,4,false,none,74.5151,45.0498,34.3439,54.5491,
2026-10-05T03:25:31.745Z,39.785,4,true,frozen_dark_pillar,,44.842,34.2846,54.606,
2026-10-05T04:25:59.998Z,51.9768,4,false,none,75.6379,44.6448,34.2368,54.6623,
2026-10-05T05:27:38.236Z,52.2609,4,false,none,76.3173,44.4577,34.2625,54.7178,
2026-10-05T06:34:27.401Z,52.435,4,false,none,76.7574,44.28,34.2458,54.7727,
2026-10-05T07:26:44.771Z,52.516,4,false,none,76.9949,44.1114,34.1919,54.827,
2026-10-05T08:58:03.838Z,52.3757,4,false,none,76.8296,43.9515,33.8158,54.8805,
2026-10-05T09:28:12.603Z,51.9298,4,false,none,76.5212,43.7996,31.6989,54.9334,
2026-10-05T10:26:13.353Z,51.6736,4,false,none,76.3332,43.6766,30.5304,54.9857,
2026-10-05T11:24:21.252Z,51.2992,4,false,none,75.7111,43.7059,29.7818,54.9857,
2026-10-05T12:30:41.344Z,50.8744,4,false,none,74.892,43.7498,29.2785,54.9857,
2026-10-05T13:29:28.323Z,50.4917,4,false,none,74.0061,43.8042,29.2745,54.9857,
2026-10-05T14:29:29.582Z,50.1025,4,false,none,73.0724,43.8595,29.3735,54.9857,
2026-10-05T15:27:09.849Z,49.8713,4,false,none,72.3339,43.9194,29.9836,54.9857,
2026-10-05T16:25:56.544Z,49.5974,4,false,none,71.4805,43.9891,30.6394,54.9857,
2026-10-05T17:23:17.693Z,49.3102,4,false,none,70.6039,44.0614,31.2706,54.9857,
2026-10-05T18:29:03.351Z,48.9669,4,false,none,69.6026,44.1425,31.8845,54.9857,
2026-10-05T18:36:43.378Z,48.7532,4,false,none,69.0483,44.2196,32.0226,54.9857,
2026-10-05T18:47:47.192Z,48.5592,4,false,none,68.487,44.2969,32.3237,54.9857,
2026-10-05T21:34:43.344Z,48.2988,4,false,none,67.7643,44.4387,32.5934,54.9857,
2026-10-05T22:22:37.485Z,48.0765,4,false,none,67.1836,44.5497,32.7197,54.9857,
2026-10-05T23:20:38.296Z,47.8912,4,false,none,66.6933,44.6492,32.8379,54.9857,
2026-10-05T23:42:49.991Z,47.726,4,false,none,66.2862,44.7362,32.8503,54.9857,
2026-10-06T00:33:43.984Z,47.585,4,false,none,65.9171,44.8153,32.9238,54.9857,
2026-10-06T01:23:43.918Z,47.6923,4,false,none,66.1235,44.8903,32.9666,54.9857,
2026-10-06T02:23:10.010Z,48.4346,4,false,none,67.7375,44.9591,33.1274,54.9857,
2026-10-06T03:23:16.784Z,49.9379,4,false,none,71.0883,45.0206,33.2725,54.9857,
2026-10-06T04:24:50.378Z,37.1127,4,true,frozen_dark_pillar,,,33.373,54.9857,
2026-10-06T05:23:45.081Z,50.4703,4,true,frozen_dark_pillar,73.6639,,33.4711,54.9857,
2026-10-06T06:29:13.646Z,51.3096,4,true,frozen_dark_pillar,75.3839,,33.5988,54.9857,
2026-10-06T07:25:19.757Z,37.1989,4,true,frozen_dark_pillar,,,33.7424,54.9857,
2026-10-06T08:25:44.154Z,52.0764,4,true,frozen_dark_pillar,76.8226,,33.9235,55.1376,
2026-10-06T09:25:38.574Z,52.3499,4,true,frozen_dark_pillar,77.2861,,34.0805,55.2854,
2026-10-06T10:24:30.299Z,52.45,4,true,frozen_dark_pillar,77.3752,,34.2668,55.429,
2026-10-06T11:23:20.304Z,52.4644,4,true,frozen_dark_pillar,77.2985,,34.4177,55.5687,
2026-10-06T12:29:23.048Z,52.4683,4,true,frozen_dark_pillar,77.2256,,34.502,55.7044,
2026-10-06T13:25:55.253Z,52.5257,4,true,frozen_dark_pillar,77.3143,,34.4574,55.8364,
2026-10-06T14:26:05.146Z,52.2195,4,true,frozen_dark_pillar,76.6305,,34.4355,55.9648,
2026-10-06T15:24:23.378Z,51.8231,4,true,frozen_dark_pillar,75.8211,,34.2424,56.0896,
2026-10-06T16:26:25.603Z,51.4552,4,true,frozen_dark_pillar,75.0585,,34.0886,56.2109,
2026-10-06T17:23:09.284Z,51.0662,4,true,frozen_dark_pillar,74.1721,,34.1539,56.3288,
2026-10-06T18:26:10.233Z,50.6539,4,true,frozen_dark_pillar,73.2133,,34.2858,56.4435,
2026-10-06T19:22:08.844Z,50.3735,4,true,frozen_dark_pillar,72.5455,,34.3845,56.555,
2026-10-06T20:24:40.870Z,50.0731,4,true,frozen_dark_pillar,71.8953,,34.4329,56.555,
2026-10-06T21:22:37.505Z,49.8241,4,true,frozen_dark_pillar,71.289,,34.6556,56.555,
2026-10-06T22:22:52.344Z,49.613,4,true,frozen_dark_pillar,70.7163,,35.0035,56.555,
2026-10-06T23:22:11.821Z,49.5322,4,true,frozen_dark_pillar,70.1828,,35.9899,56.555,
2026-10-07T00:33:39.955Z,49.5437,4,true,frozen_dark_pillar,69.72,,37.3118,56.555,
2026-10-07T00:34:32.042Z,49.5075,4,true,frozen_dark_pillar,69.3671,,38.0628,56.555,
2026-10-07T01:24:08.092Z,50.0597,4,true,frozen_dark_pillar,70.05,,39.365,56.555,
2026-10-07T02:35:17.305Z,51.0235,4,true,frozen_dark_pillar,71.6421,,40.5507,56.555,
2026-10-07T03:24:53.406Z,39.7905,4,true,frozen_dark_pillar,,,41.2623,56.555,
2026-10-07T04:25:05.387Z,40.0228,4,true,frozen_dark_pillar,,,42.2578,56.555,
2026-10-07T05:24:48.819Z,52.1326,4,true,frozen_dark_pillar,73.0258,,43.0106,56.6769,
2026-10-07T06:28:44.249Z,52.6984,4,true,frozen_dark_pillar,73.8975,,43.7587,56.796,
2026-10-07T07:26:27.591Z,53.0429,4,true,frozen_dark_pillar,74.4311,,44.1625,56.9125,
2026-10-07T08:26:56.416Z,53.2074,4,true,frozen_dark_pillar,74.5966,,44.5397,57.0263,
2026-10-07T09:25:34.486Z,53.2153,4,true,frozen_dark_pillar,74.5021,,44.7299,57.1376,
2026-10-07T10:25:14.154Z,53.226,4,true,frozen_dark_pillar,74.3484,,45.0994,57.2465,
2026-10-07T11:24:12.168Z,53.2432,4,true,frozen_dark_pillar,74.1599,,45.603,57.3529,
2026-10-07T12:31:47.262Z,53.3346,4,true,frozen_dark_pillar,74.2231,,45.8498,57.4569,
2026-10-07T13:26:57.716Z,53.0762,4,true,frozen_dark_pillar,73.5919,,45.9847,57.5585,
2026-10-07T14:26:10.540Z,52.8314,4,true,frozen_dark_pillar,72.972,,46.169,57.6579,
2026-10-07T15:35:52.894Z,52.6418,4,true,frozen_dark_pillar,72.4043,,46.5291,57.7551,
2026-10-07T16:27:27.439Z,52.4321,4,true,frozen_dark_pillar,71.9157,,46.562,57.8501,
2026-10-07T17:25:51.871Z,52.1182,4,true,frozen_dark_pillar,71.2839,,46.4832,57.8501,
2026-10-07T18:28:28.255Z,51.7919,4,true,frozen_dark_pillar,70.5774,,46.5363,57.8501,
2026-10-07T19:05:34.963Z,51.5476,4,true,frozen_dark_pillar,70.0299,,46.6263,57.8501,
2026-10-07T19:24:34.220Z,51.3427,4,true,frozen_dark_pillar,69.5706,,46.7022,57.8501,
2026-10-07T19:53:42.585Z,51.148,4,true,frozen_dark_pillar,69.1272,,46.7931,57.8501,
2026-10-07T19:56:24.992Z,50.9709,4,true,frozen_dark_pillar,68.7368,,46.841,57.8501,
2026-10-07T20:17:53.228Z,50.809,4,true,frozen_dark_pillar,68.3746,,46.8988,57.8501,
2026-10-07T21:24:21.093Z,50.6467,4,true,frozen_dark_pillar,67.9896,,47.0164,57.8501,
2026-10-07T21:44:56.457Z,50.5229,4,true,frozen_dark_pillar,67.6771,,47.157,57.8501,
2026-10-07T21:50:40.329Z,50.4215,4,true,frozen_dark_pillar,67.42,,47.2758,57.8501,
2026-10-07T21:59:09.987Z,50.3246,4,true,frozen_dark_pillar,67.1902,,47.3457,57.8501,
2026-10-07T22:18:06.503Z,49.6862,4,true,frozen_dark_pillar,66.9823,,44.2618,57.8501,
2026-10-07T22:21:31.463Z,49.1535,4,true,frozen_dark_pillar,66.8197,,41.6595,57.8501,
2026-10-07T22:27:42.130Z,48.8165,4,true,frozen_dark_pillar,66.7031,,40.0503,57.8501,
2026-10-07T22:31:22.305Z,48.5882,4,true,frozen_dark_pillar,66.6079,,39.004,57.8501,
2026-10-07T22:45:55.414Z,48.4412,4,true,frozen_dark_pillar,66.5162,,38.4128,57.8501,
2026-10-07T23:01:09.333Z,48.3574,4,true,frozen_dark_pillar,66.4327,,38.1604,57.8501,
2026-10-07T23:20:28.005Z,48.2979,4,true,frozen_dark_pillar,66.3497,,38.0461,57.8501,
2026-10-08T00:31:43.367Z,48.1844,4,true,frozen_dark_pillar,66.2393,,37.8982,57.6489,
2026-10-08T00:33:14.084Z,48.0991,4,true,frozen_dark_pillar,66.1653,,37.8058,57.4546,
2026-10-08T00:39:37.366Z,48.0241,4,true,frozen_dark_pillar,66.0954,,37.7545,57.2671,
2026-10-08T01:00:31.913Z,48.1319,4,true,frozen_dark_pillar,66.3904,,37.7511,57.086,
2026-10-08T01:07:38.891Z,48.4003,4,true,frozen_dark_pillar,67.0812,,37.5842,56.9113,
2026-10-08T01:11:22.761Z,39.0403,4,true,frozen_dark_pillar,,,37.6181,56.7426,
2026-10-08T01:17:24.722Z,48.699,4,true,frozen_dark_pillar,67.7996,,37.6728,56.5797,
2026-10-08T01:21:20.019Z,48.9656,4,true,frozen_dark_pillar,68.3998,,37.7242,56.4225,
2026-10-08T01:24:18.241Z,49.2036,4,true,frozen_dark_pillar,68.9393,,37.772,56.2707,
2026-10-08T01:38:42.598Z,49.4069,4,true,frozen_dark_pillar,69.4069,,37.811,56.1242,
2026-10-08T01:46:48.171Z,49.5832,4,true,frozen_dark_pillar,69.8216,,37.8343,55.9827,
2026-10-08T01:52:25.095Z,49.7406,4,true,frozen_dark_pillar,70.1955,,37.8552,55.8462,
2026-10-08T01:56:41.628Z,49.918,4,true,frozen_dark_pillar,70.5556,,37.8915,55.8462,
2026-10-08T02:00:20.157Z,50.3286,4,true,frozen_dark_pillar,71.4074,,37.9256,55.8462,
2026-10-08T02:22:49.191Z,50.5914,4,true,frozen_dark_pillar,71.943,,37.9737,55.8462,
2026-10-08T03:14:34.436Z,60.4527,4,true,frozen_dark_pillar,72.2692,,38.0499,55.8462,
2026-10-08T03:23:26.050Z,60.5898,4,true,frozen_dark_pillar,72.4946,,38.1224,55.8462,
2026-10-08T03:25:07.516Z,60.6703,4,true,frozen_dark_pillar,72.6358,,38.1449,55.8462,
2026-10-08T03:50:35.086Z,49.6337,4,true,frozen_dark_pillar,,,38.0963,55.8462,
2026-10-08T04:05:03.532Z,49.6377,4,true,frozen_dark_pillar,,47.0343,38.0503,55.8462,
2026-10-08T04:25:55.978Z,49.6389,4,true,frozen_dark_pillar,,47.0343,38.0553,55.8462,
2026-10-08T05:24:36.678Z,59.3941,4,false,dwell,73.1049,47.0343,38.0866,55.8462,
2026-10-08T06:31:31.174Z,59.4566,4,false,dwell,73.2019,47.0343,38.1804,55.8462,
2026-10-08T07:26:18.029Z,59.4968,4,false,quorum,73.2498,47.0343,38.2801,55.8462,
2026-10-08T08:26:59.655Z,59.5208,4,false,quorum,73.2796,47.0343,38.2732,55.9094,
2026-10-08T09:25:52.630Z,59.3792,4,false,quorum,72.978,47.0343,38.2206,55.9719,
2026-10-08T10:26:45.687Z,59.1935,4,false,quorum,72.6001,47.0402,38.1176,56.0336,
2026-10-08T11:25:06.622Z,59.0101,4,false,quorum,72.2286,47.0472,38.0097,56.0945,
2026-10-08T12:31:47.764Z,58.7953,4,false,quorum,71.7915,47.0459,37.91,56.1546,
2026-10-08T13:28:10.299Z,58.5888,4,false,quorum,71.357,47.0548,37.8412,56.214,
2026-10-08T14:27:46.622Z,58.4018,4,false,quorum,71.069,47.0628,37.4874,56.2726,
2026-10-08T15:26:42.220Z,58.2193,4,false,quorum,70.786,47.0754,37.1423,56.3305,
2026-10-08T16:18:15.589Z,58.0144,4,false,quorum,70.5101,47.0903,36.6481,56.3877,
2026-10-08T20:30:50.717Z,57.3179,4,false,deadband,69.698,47.1395,34.7668,56.4442,
2026-10-08T21:22:07.154Z,56.9148,4,false,deadband,69.0606,47.2,34.0774,56.4999,
2026-10-08T21:24:10.480Z,56.6121,4,false,deadband,68.5311,47.2594,33.6701,56.555,
2026-10-08T22:15:24.019Z,56.3474,4,false,deadband,67.9849,47.3214,33.5784,56.555,
2026-10-08T22:24:13.158Z,56.1364,4,false,deadband,67.5444,47.382,33.5079,56.555,
2026-10-08T23:15:45.765Z,55.9445,4,false,deadband,67.1013,47.438,33.558,56.555,
2026-10-08T23:23:09.128Z,55.7908,4,false,deadband,66.7475,47.4917,33.5859,56.555,
2026-10-09T00:14:18.182Z,55.5637,4,false,deadband,66.4145,47.4476,33.6243,56.1673,
2026-10-09T00:36:40.719Z,55.3557,4,false,deadband,66.1151,47.3886,33.6715,55.8028,
2026-10-09T01:25:15.139Z,55.487,4,false,deadband,66.4692,47.3305,33.8615,55.4601,
2026-10-09T02:16:53.202Z,48.3895,4,true,frozen_dark_pillar,,47.2715,34.0823,55.138,
2026-10-09T02:23:01.213Z,56.1634,4,false,deadband,67.9873,47.2121,34.3495,54.8352,
2026-10-09T03:14:08.633Z,56.7293,4,false,deadband,69.2276,47.1278,34.5855,54.5505,
2026-10-09T03:25:26.357Z,57.2005,4,false,deadband,70.2605,47.0363,34.8336,54.2828,
2026-10-09T04:16:28.435Z,47.9069,4,true,frozen_dark_pillar,,46.9464,34.8691,54.0312,
2026-10-09T04:25:44.278Z,47.7869,4,true,frozen_dark_pillar,,46.8564,34.9853,53.7947,
2026-10-09T05:16:59.688Z,57.6951,4,false,deadband,71.5648,46.7686,35.0982,53.5723,
2026-10-09T05:24:49.423Z,57.9781,4,false,deadband,72.2273,46.6828,35.212,53.3633,
2026-10-09T06:16:23.165Z,58.1546,4,false,dwell,72.6577,46.5992,35.3324,53.1668,
2026-10-09T06:30:56.961Z,58.3172,4,false,dwell,72.9844,46.5992,35.3744,53.1668,
2026-10-09T07:22:43.296Z,58.4617,4,false,dwell,73.2785,46.5992,35.402,53.1668,
2026-10-09T07:26:05.209Z,58.5422,4,false,quorum,73.4404,46.5992,35.4224,53.1668,
2026-10-09T08:17:01.282Z,58.4803,4,false,quorum,73.3066,46.5992,35.4321,53.1668,
2026-10-09T08:26:42.597Z,58.372,4,false,quorum,73.0786,46.5992,35.4321,53.1668,
2026-10-09T09:18:13.319Z,58.2639,4,false,quorum,72.8502,46.5992,35.4343,53.1668,
2026-10-09T09:26:17.845Z,58.1682,4,false,quorum,72.6532,46.5992,35.4224,53.1668,
2026-10-09T10:17:52.256Z,58.1204,4,false,quorum,72.541,46.6085,35.4445,53.1668,
2026-10-09T10:26:42.560Z,58.0777,4,false,quorum,72.4408,46.6178,35.4631,53.1668,
2026-10-09T11:18:03.826Z,57.9886,4,false,deadband,72.2453,46.6288,35.4734,53.1668,
2026-10-09T11:23:51.470Z,57.9117,4,false,deadband,72.0743,46.6397,35.4871,53.1668,
2026-10-09T11:38:53.753Z,57.8448,4,false,deadband,71.9222,46.6396,35.5182,53.1668,
2026-10-09T11:44:26.060Z,57.7865,4,false,deadband,71.7744,46.6395,35.5858,53.1668,
2026-10-09T12:20:35.383Z,57.7353,4,false,deadband,71.616,46.6547,35.708,53.1668,
2026-10-09T12:28:51.907Z,57.6887,4,false,deadband,71.4725,46.6656,35.8208,53.1668,
2026-10-09T13:19:45.456Z,57.6528,4,false,deadband,71.2967,46.6824,36.076,53.1668,
2026-10-09T13:27:54.460Z,57.6273,4,false,deadband,71.1445,46.7,36.3256,53.1668,
2026-10-09T13:35:36.847Z,57.597,4,false,deadband,71.0063,46.7175,36.5098,53.1668,
2026-10-09T14:06:48.040Z,57.5672,4,false,deadband,70.8506,46.7358,36.7439,53.1668,
2026-10-09T14:15:30.491Z,57.5534,4,false,deadband,70.7265,46.746,36.9917,53.1668,
2026-10-09T14:21:49.662Z,57.5181,4,false,deadband,70.6164,46.756,37.0791,53.1668,
2026-10-09T14:26:58.224Z,57.4886,4,false,deadband,70.5203,46.7645,37.1628,53.1668,
2026-10-09T14:29:04.654Z,57.4564,4,false,deadband,70.4256,46.7728,37.2277,53.1668,
2026-10-09T15:13:44.950Z,57.4442,4,false,deadband,70.3025,46.8004,37.4644,53.1668,
2026-10-09T15:24:31.744Z,57.4282,4,false,deadband,70.1932,46.8268,37.6431,53.1668,
2026-10-09T16:15:55.024Z,57.4019,4,false,deadband,70.0499,46.8433,37.8654,53.1668,
2026-10-09T16:24:48.641Z,57.3693,4,false,deadband,69.922,46.8634,38.0061,53.1668,
2026-10-09T16:56:56.258Z,57.3454,4,true,deadband,69.8037,46.8828,38.1711,53.1668,
2026-10-09T17:22:40.977Z,57.2971,4,false,deadband,69.6775,46.8964,38.2244,53.1668,
2026-10-09T18:13:33.445Z,48.2228,4,true,frozen_dark_pillar,,46.8936,38.2516,53.1668,
2026-10-09T18:26:50.206Z,48.2336,4,true,frozen_dark_pillar,,46.9141,38.2772,53.1668,
2026-10-09T18:36:55.997Z,48.2395,4,true,frozen_dark_pillar,,46.9342,38.2824,53.1668,
2026-10-09T19:16:53.397Z,57.1375,4,false,deadband,69.3075,46.9591,38.2535,53.1668,
2026-10-09T19:21:34.875Z,57.0472,4,false,deadband,69.1077,46.9836,38.2553,53.1668,
2026-10-09T19:25:06.219Z,56.9702,4,false,deadband,68.925,47.0085,38.2864,53.1668,
2026-10-09T19:39:17.932Z,56.8969,4,false,deadband,68.7656,47.0274,38.2816,53.1668,
2026-10-09T20:22:56.393Z,56.8243,4,false,deadband,68.5926,47.0641,38.2995,53.1668,
2026-10-09T20:57:00.224Z,56.7109,4,false,deadband,68.4292,47.0763,38.0829,53.1668,
2026-10-09T21:03:41.939Z,56.6062,4,false,deadband,68.2821,47.1316,37.8284,53.1668,
2026-10-09T21:08:46.887Z,56.5128,4,false,deadband,68.1445,47.1803,37.6194,53.1668,
2026-10-09T21:23:33.385Z,56.4408,4,false,deadband,68.02,47.2437,37.4824,53.1668,
2026-10-09T22:03:08.931Z,56.4176,4,false,deadband,67.9576,47.3167,37.4464,53.1668,
2026-10-09T22:11:00.722Z,56.3978,4,false,deadband,67.9038,47.3714,37.4245,53.1668,
2026-10-09T22:23:55.930Z,56.3877,4,false,deadband,67.8578,47.424,37.4394,53.1668,
2026-10-09T22:32:06.470Z,56.3688,4,false,deadband,67.7792,47.4727,37.4961,53.1668,
2026-10-09T22:39:27.632Z,56.3449,4,false,deadband,67.7009,47.5208,37.5234,53.1668,
2026-10-09T22:56:48.193Z,56.3256,4,false,deadband,67.6154,47.5678,37.5987,53.1668,
2026-10-09T23:10:31.249Z,56.3052,4,false,deadband,67.5291,47.6127,37.6714,53.1668,
2026-10-09T23:22:30.966Z,56.2855,4,false,deadband,67.4584,47.6423,37.7209,53.1668,
2026-10-10T00:13:43.659Z,56.2623,4,false,deadband,67.3916,47.5468,37.8651,53.1668,
2026-10-10T00:34:52.330Z,56.2371,4,false,deadband,67.3208,47.417,38.0434,53.1668,
2026-10-10T01:23:58.869Z,56.2323,4,false,deadband,67.2436,47.2912,38.3513,53.1668,
2026-10-10T01:43:38.792Z,56.2228,4,false,deadband,67.1735,47.1621,38.6159,53.1668,
2026-10-10T02:10:33.970Z,56.2142,4,false,deadband,67.1124,47.0353,38.8599,53.1668,
2026-10-10T02:23:07.251Z,56.2069,4,false,deadband,67.0536,46.9124,39.1003,53.1668,
2026-10-10T03:15:23.775Z,56.2012,4,false,deadband,66.9789,46.7932,39.3901,53.1668,
2026-10-10T03:23:26.732Z,56.192,4,false,deadband,66.907,46.6777,39.648,53.1668,
2026-10-10T04:16:25.523Z,48.5417,4,true,frozen_dark_pillar,,46.5657,39.9459,53.1668,
2026-10-10T04:23:31.377Z,48.576,4,true,frozen_dark_pillar,,46.4571,40.2016,53.1668,
2026-10-10T05:14:26.031Z,56.1852,4,false,deadband,66.7067,46.3519,40.4783,53.1668,
2026-10-10T05:22:53.866Z,56.1522,4,false,deadband,66.5901,46.2499,40.7083,53.1668,
2026-10-10T06:16:01.430Z,56.1471,4,false,deadband,66.4646,46.2499,41.0199,53.1668,
2026-10-10T06:28:22.058Z,56.1245,4,false,deadband,66.3471,46.2499,41.2099,53.1668,
2026-10-10T07:19:21.096Z,56.0942,4,false,deadband,66.2111,46.2499,41.4057,53.1668,
2026-10-10T07:25:36.976Z,56.0658,4,false,deadband,66.0841,46.2499,41.5881,53.1668,
2026-10-10T08:17:11.469Z,56.0393,4,false,deadband,65.9536,46.2499,41.7912,53.1668,
2026-10-10T08:23:26.596Z,56.0039,4,false,deadband,65.8287,46.2499,41.9278,53.1668,
2026-10-10T09:14:45.853Z,55.9801,4,false,deadband,65.7114,46.2499,42.1099,53.1668,
2026-10-10T09:22:47.340Z,55.9434,4,false,deadband,65.6031,46.2499,42.1942,53.1668,
2026-10-10T10:14:02.869Z,55.9488,4,false,deadband,65.5633,46.2499,42.3331,53.1668,
2026-10-10T10:22:32.192Z,55.9524,4,false,deadband,65.5293,46.2499,42.446,53.1668,
2026-10-10T11:13:20.706Z,55.8805,4,false,deadband,65.4508,46.2499,42.248,53.1668,
2026-10-10T11:21:43.237Z,55.8024,4,false,deadband,65.3762,46.2499,42.0046,53.1668,
2026-10-10T12:12:41.044Z,55.6763,4,false,deadband,65.3114,46.2499,41.4599,53.1668,
2026-10-10T12:27:21.291Z,55.583,4,false,deadband,65.2477,46.2499,41.0996,53.1668,
2026-10-10T13:19:37.267Z,55.4973,4,false,deadband,65.1894,46.2499,40.7683,53.1668,
2026-10-10T14:10:38.541Z,55.4346,4,false,deadband,65.1272,46.2499,40.5785,53.1668,
2026-10-10T14:22:09.907Z,55.3576,4,false,deadband,65.0689,46.2499,40.2966,53.1668,
2026-10-10T15:13:56.571Z,55.296,4,false,deadband,65.0055,46.2499,40.117,53.1668,
2026-10-10T15:22:02.728Z,55.2417,4,false,deadband,64.9474,46.2499,39.9644,53.1668,
2026-10-10T16:13:12.255Z,55.2182,4,false,deadband,64.8785,46.2499,40.0173,53.1668,
2026-10-10T16:22:22.619Z,55.1941,4,false,deadband,64.8177,46.2499,40.0446,53.1668,
2026-10-10T17:13:30.560Z,55.0517,4,false,deadband,64.7442,46.2499,39.43,53.1668,
2026-10-10T17:24:38.253Z,54.9451,4,false,none,64.6802,46.2499,38.9947,53.1668,
2026-10-10T18:17:26.908Z,54.7544,4,false,none,64.6029,46.2499,38.115,53.1668,
2026-10-10T18:25:08.691Z,54.6237,4,false,none,64.5285,46.2499,37.5697,53.1668,
2026-10-10T19:16:27.944Z,54.5336,4,false,none,64.4476,46.2499,37.2746,53.1668,
2026-10-10T19:21:54.453Z,54.4644,4,false,none,64.3737,46.2499,37.0799,53.1668,
2026-10-10T20:12:49.208Z,54.4091,4,false,none,64.3004,46.2499,36.963,53.1668,
2026-10-10T20:21:34.538Z,54.3695,4,false,none,64.2333,46.2499,36.9188,53.1668,
2026-10-10T21:13:05.200Z,54.3452,4,false,none,64.1586,46.2499,36.9828,53.1668,
2026-10-10T21:21:55.295Z,54.322,4,false,none,64.0893,46.2499,37.0378,53.1668,
2026-10-10T22:13:23.481Z,54.2376,4,false,none,64.0233,46.2499,36.7348,53.1668,
2026-10-10T22:22:04.775Z,54.1656,4,false,none,63.9589,46.2499,36.4984,53.1668,
2026-10-10T23:13:00.288Z,54.1127,4,false,none,63.8946,46.2499,36.3704,53.1668,
2026-10-10T23:21:19.578Z,54.0629,4,false,none,63.8333,46.2499,36.2525,53.1668,
